customer_id,name,email,signup_date,location,age,customer_segment
1,Customer_1,user1@email.com,2023-01-01,Birmingham,34,Premium
2,Customer_2,user2@email.com,2023-01-02,Edinburgh,26,Basic
3,Customer_3,user3@email.com,2023-01-03,London,50,Standard
4,Customer_4,user4@email.com,2023-01-04,Birmingham,37,Premium
5,Customer_5,user5@email.com,2023-01-05,Birmingham,30,Basic
6,Customer_6,user6@email.com,2023-01-06,Edinburgh,45,Basic
7,Customer_7,user7@email.com,2023-01-07,London,65,Basic
8,Customer_8,user8@email.com,2023-01-08,London,46,Basic
9,Customer_9,user9@email.com,2023-01-09,Birmingham,30,Standard
10,Customer_10,user10@email.com,2023-01-10,Manchester,63,Standard
11,Customer_11,user11@email.com,2023-01-11,Birmingham,52,Premium
12,Customer_12,user12@email.com,2023-01-12,Birmingham,23,Standard
13,Customer_13,user13@email.com,2023-01-13,Birmingham,35,Standard
14,Customer_14,user14@email.com,2023-01-14,Birmingham,68,Standard
15,Customer_15,user15@email.com,2023-01-15,Edinburgh,22,Basic
16,Customer_16,user16@email.com,2023-01-16,London,64,Standard
17,Customer_17,user17@email.com,2023-01-17,Edinburgh,42,Premium
18,Customer_18,user18@email.com,2023-01-18,Edinburgh,19,Standard
19,Customer_19,user19@email.com,2023-01-19,Edinburgh,27,Standard
20,Customer_20,user20@email.com,2023-01-20,Birmingham,47,Premium
21,Customer_21,user21@email.com,2023-01-21,Manchester,67,Basic
22,Customer_22,user22@email.com,2023-01-22,London,62,Standard
23,Customer_23,user23@email.com,2023-01-23,Manchester,22,Standard
24,Customer_24,user24@email.com,2023-01-24,Edinburgh,50,Standard
25,Customer_25,user25@email.com,2023-01-25,Edinburgh,18,Basic
26,Customer_26,user26@email.com,2023-01-26,Manchester,35,Standard
27,Customer_27,user27@email.com,2023-01-27,Manchester,49,Standard
28,Customer_28,user28@email.com,2023-01-28,Manchester,64,Standard
29,Customer_29,user29@email.com,2023-01-29,Edinburgh,66,Standard
30,Customer_30,user30@email.com,2023-01-30,Edinburgh,28,Basic
31,Customer_31,user31@email.com,2023-01-31,London,38,Basic
32,Customer_32,user32@email.com,2023-02-01,London,43,Standard
33,Customer_33,user33@email.com,2023-02-02,Edinburgh,42,Basic
34,Customer_34,user34@email.com,2023-02-03,Manchester,39,Basic
35,Customer_35,user35@email.com,2023-02-04,Manchester,44,Basic
36,Customer_36,user36@email.com,2023-02-05,London,66,Basic
37,Customer_37,user37@email.com,2023-02-06,Edinburgh,30,Standard
38,Customer_38,user38@email.com,2023-02-07,London,50,Standard
39,Customer_39,user39@email.com,2023-02-08,London,51,Standard
40,Customer_40,user40@email.com,2023-02-09,Birmingham,58,Basic
41,Customer_41,user41@email.com,2023-02-10,Birmingham,52,Premium
42,Customer_42,user42@email.com,2023-02-11,Birmingham,18,Basic
43,Customer_43,user43@email.com,2023-02-12,Manchester,38,Basic
44,Customer_44,user44@email.com,2023-02-13,Edinburgh,65,Premium
45,Customer_45,user45@email.com,2023-02-14,Edinburgh,23,Basic
46,Customer_46,user46@email.com,2023-02-15,Edinburgh,45,Premium
47,Customer_47,user47@email.com,2023-02-16,Edinburgh,34,Standard
48,Customer_48,user48@email.com,2023-02-17,Birmingham,22,Basic
49,Customer_49,user49@email.com,2023-02-18,Manchester,48,Premium
50,Customer_50,user50@email.com,2023-02-19,Manchester,22,Basic
51,Customer_51,user51@email.com,2023-02-20,Birmingham,55,Basic
52,Customer_52,user52@email.com,2023-02-21,Manchester,20,Standard
53,Customer_53,user53@email.com,2023-02-22,Birmingham,40,Premium
54,Customer_54,user54@email.com,2023-02-23,Edinburgh,54,Standard
55,Customer_55,user55@email.com,2023-02-24,Birmingham,54,Standard
56,Customer_56,user56@email.com,2023-02-25,Edinburgh,27,Basic
57,Customer_57,user57@email.com,2023-02-26,Edinburgh,27,Standard
58,Customer_58,user58@email.com,2023-02-27,London,36,Standard
59,Customer_59,user59@email.com,2023-02-28,Birmingham,34,Standard
60,Customer_60,user60@email.com,2023-03-01,London,38,Standard
61,Customer_61,user61@email.com,2023-03-02,Birmingham,31,Basic
62,Customer_62,user62@email.com,2023-03-03,Birmingham,26,Premium
63,Customer_63,user63@email.com,2023-03-04,London,63,Basic
64,Customer_64,user64@email.com,2023-03-05,London,18,Standard
65,Customer_65,user65@email.com,2023-03-06,Birmingham,68,Basic
66,Customer_66,user66@email.com,2023-03-07,Manchester,62,Standard
67,Customer_67,user67@email.com,2023-03-08,Edinburgh,30,Standard
68,Customer_68,user68@email.com,2023-03-09,London,21,Basic
69,Customer_69,user69@email.com,2023-03-10,Edinburgh,18,Premium
70,Customer_70,user70@email.com,2023-03-11,Manchester,66,Basic
71,Customer_71,user71@email.com,2023-03-12,Manchester,57,Standard
72,Customer_72,user72@email.com,2023-03-13,Manchester,49,Premium
73,Customer_73,user73@email.com,2023-03-14,London,51,Standard
74,Customer_74,user74@email.com,2023-03-15,Manchester,45,Basic
75,Customer_75,user75@email.com,2023-03-16,London,48,Premium
76,Customer_76,user76@email.com,2023-03-17,Manchester,25,Standard
77,Customer_77,user77@email.com,2023-03-18,Edinburgh,56,Standard
78,Customer_78,user78@email.com,2023-03-19,Edinburgh,43,Standard
79,Customer_79,user79@email.com,2023-03-20,Birmingham,51,Premium
80,Customer_80,user80@email.com,2023-03-21,Edinburgh,20,Basic
81,Customer_81,user81@email.com,2023-03-22,Birmingham,67,Basic
82,Customer_82,user82@email.com,2023-03-23,Edinburgh,29,Basic
83,Customer_83,user83@email.com,2023-03-24,London,18,Basic
84,Customer_84,user84@email.com,2023-03-25,Edinburgh,61,Premium
85,Customer_85,user85@email.com,2023-03-26,Birmingham,22,Basic
86,Customer_86,user86@email.com,2023-03-27,Birmingham,47,Premium
87,Customer_87,user87@email.com,2023-03-28,Manchester,47,Premium
88,Customer_88,user88@email.com,2023-03-29,London,34,Standard
89,Customer_89,user89@email.com,2023-03-30,Edinburgh,65,Standard
90,Customer_90,user90@email.com,2023-03-31,Manchester,64,Basic
91,Customer_91,user91@email.com,2023-04-01,Edinburgh,40,Standard
92,Customer_92,user92@email.com,2023-04-02,Edinburgh,32,Standard
93,Customer_93,user93@email.com,2023-04-03,Manchester,54,Standard
94,Customer_94,user94@email.com,2023-04-04,Manchester,38,Basic
95,Customer_95,user95@email.com,2023-04-05,Manchester,31,Standard
96,Customer_96,user96@email.com,2023-04-06,Manchester,19,Standard
97,Customer_97,user97@email.com,2023-04-07,Manchester,28,Premium
98,Customer_98,user98@email.com,2023-04-08,Edinburgh,68,Basic
99,Customer_99,user99@email.com,2023-04-09,Manchester,56,Standard
100,Customer_100,user100@email.com,2023-04-10,London,55,Standard
101,Customer_101,user101@email.com,2023-04-11,Birmingham,51,Premium
102,Customer_102,user102@email.com,2023-04-12,Manchester,55,Standard
103,Customer_103,user103@email.com,2023-04-13,Manchester,67,Standard
104,Customer_104,user104@email.com,2023-04-14,Edinburgh,51,Standard
105,Customer_105,user105@email.com,2023-04-15,Manchester,35,Basic
106,Customer_106,user106@email.com,2023-04-16,Manchester,47,Premium
107,Customer_107,user107@email.com,2023-04-17,Manchester,32,Standard
108,Customer_108,user108@email.com,2023-04-18,Edinburgh,44,Basic
109,Customer_109,user109@email.com,2023-04-19,Manchester,68,Standard
110,Customer_110,user110@email.com,2023-04-20,Birmingham,51,Standard
111,Customer_111,user111@email.com,2023-04-21,Edinburgh,69,Standard
112,Customer_112,user112@email.com,2023-04-22,Birmingham,55,Standard
113,Customer_113,user113@email.com,2023-04-23,Edinburgh,50,Basic
114,Customer_114,user114@email.com,2023-04-24,Manchester,41,Standard
115,Customer_115,user115@email.com,2023-04-25,Birmingham,32,Basic
116,Customer_116,user116@email.com,2023-04-26,Edinburgh,47,Standard
117,Customer_117,user117@email.com,2023-04-27,London,59,Standard
118,Customer_118,user118@email.com,2023-04-28,Manchester,68,Premium
119,Customer_119,user119@email.com,2023-04-29,Edinburgh,34,Standard
120,Customer_120,user120@email.com,2023-04-30,London,22,Standard
121,Customer_121,user121@email.com,2023-05-01,Edinburgh,46,Basic
122,Customer_122,user122@email.com,2023-05-02,London,21,Standard
123,Customer_123,user123@email.com,2023-05-03,Manchester,27,Basic
124,Customer_124,user124@email.com,2023-05-04,Birmingham,34,Premium
125,Customer_125,user125@email.com,2023-05-05,London,27,Basic
126,Customer_126,user126@email.com,2023-05-06,Edinburgh,34,Basic
127,Customer_127,user127@email.com,2023-05-07,Manchester,37,Basic
128,Customer_128,user128@email.com,2023-05-08,London,41,Basic
129,Customer_129,user129@email.com,2023-05-09,Edinburgh,22,Basic
130,Customer_130,user130@email.com,2023-05-10,Edinburgh,51,Standard
131,Customer_131,user131@email.com,2023-05-11,Edinburgh,23,Premium
132,Customer_132,user132@email.com,2023-05-12,London,19,Premium
133,Customer_133,user133@email.com,2023-05-13,London,30,Basic
134,Customer_134,user134@email.com,2023-05-14,London,60,Standard
135,Customer_135,user135@email.com,2023-05-15,Birmingham,60,Basic
136,Customer_136,user136@email.com,2023-05-16,London,65,Standard
137,Customer_137,user137@email.com,2023-05-17,London,28,Premium
138,Customer_138,user138@email.com,2023-05-18,London,68,Premium
139,Customer_139,user139@email.com,2023-05-19,Birmingham,64,Standard
140,Customer_140,user140@email.com,2023-05-20,London,40,Standard
141,Customer_141,user141@email.com,2023-05-21,Edinburgh,33,Standard
142,Customer_142,user142@email.com,2023-05-22,London,48,Standard
143,Customer_143,user143@email.com,2023-05-23,Edinburgh,28,Premium
144,Customer_144,user144@email.com,2023-05-24,Edinburgh,33,Standard
145,Customer_145,user145@email.com,2023-05-25,Edinburgh,25,Standard
146,Customer_146,user146@email.com,2023-05-26,Birmingham,21,Basic
147,Customer_147,user147@email.com,2023-05-27,Birmingham,57,Standard
148,Customer_148,user148@email.com,2023-05-28,Birmingham,21,Standard
149,Customer_149,user149@email.com,2023-05-29,London,42,Premium
150,Customer_150,user150@email.com,2023-05-30,Edinburgh,20,Premium
151,Customer_151,user151@email.com,2023-05-31,Birmingham,49,Standard
152,Customer_152,user152@email.com,2023-06-01,Birmingham,20,Standard
153,Customer_153,user153@email.com,2023-06-02,London,44,Standard
154,Customer_154,user154@email.com,2023-06-03,Birmingham,46,Standard
155,Customer_155,user155@email.com,2023-06-04,London,49,Standard
156,Customer_156,user156@email.com,2023-06-05,Manchester,67,Basic
157,Customer_157,user157@email.com,2023-06-06,Birmingham,68,Basic
158,Customer_158,user158@email.com,2023-06-07,Manchester,36,Premium
159,Customer_159,user159@email.com,2023-06-08,London,38,Standard
160,Customer_160,user160@email.com,2023-06-09,Edinburgh,22,Premium
161,Customer_161,user161@email.com,2023-06-10,Birmingham,35,Standard
162,Customer_162,user162@email.com,2023-06-11,London,45,Basic
163,Customer_163,user163@email.com,2023-06-12,Edinburgh,59,Premium
164,Customer_164,user164@email.com,2023-06-13,Edinburgh,39,Standard
165,Customer_165,user165@email.com,2023-06-14,Manchester,38,Standard
166,Customer_166,user166@email.com,2023-06-15,London,23,Basic
167,Customer_167,user167@email.com,2023-06-16,Edinburgh,18,Standard
168,Customer_168,user168@email.com,2023-06-17,Birmingham,22,Premium
169,Customer_169,user169@email.com,2023-06-18,Birmingham,58,Standard
170,Customer_170,user170@email.com,2023-06-19,Manchester,29,Standard
171,Customer_171,user171@email.com,2023-06-20,Edinburgh,43,Premium
172,Customer_172,user172@email.com,2023-06-21,London,63,Standard
173,Customer_173,user173@email.com,2023-06-22,Birmingham,51,Premium
174,Customer_174,user174@email.com,2023-06-23,Edinburgh,66,Premium
175,Customer_175,user175@email.com,2023-06-24,Edinburgh,31,Standard
176,Customer_176,user176@email.com,2023-06-25,Manchester,43,Premium
177,Customer_177,user177@email.com,2023-06-26,Birmingham,62,Standard
178,Customer_178,user178@email.com,2023-06-27,Birmingham,44,Standard
179,Customer_179,user179@email.com,2023-06-28,London,26,Basic
180,Customer_180,user180@email.com,2023-06-29,Birmingham,43,Standard
181,Customer_181,user181@email.com,2023-06-30,London,64,Premium
182,Customer_182,user182@email.com,2023-07-01,Birmingham,39,Premium
183,Customer_183,user183@email.com,2023-07-02,Manchester,64,Standard
184,Customer_184,user184@email.com,2023-07-03,Birmingham,47,Basic
185,Customer_185,user185@email.com,2023-07-04,London,60,Premium
186,Customer_186,user186@email.com,2023-07-05,London,65,Basic
187,Customer_187,user187@email.com,2023-07-06,Manchester,34,Premium
188,Customer_188,user188@email.com,2023-07-07,Birmingham,43,Standard
189,Customer_189,user189@email.com,2023-07-08,Birmingham,53,Basic
190,Customer_190,user190@email.com,2023-07-09,Manchester,18,Basic
191,Customer_191,user191@email.com,2023-07-10,Birmingham,25,Basic
192,Customer_192,user192@email.com,2023-07-11,Birmingham,66,Basic
193,Customer_193,user193@email.com,2023-07-12,London,52,Standard
194,Customer_194,user194@email.com,2023-07-13,Birmingham,69,Basic
195,Customer_195,user195@email.com,2023-07-14,Birmingham,32,Premium
196,Customer_196,user196@email.com,2023-07-15,Manchester,64,Basic
197,Customer_197,user197@email.com,2023-07-16,Manchester,39,Standard
198,Customer_198,user198@email.com,2023-07-17,Edinburgh,31,Basic
199,Customer_199,user199@email.com,2023-07-18,London,43,Standard
200,Customer_200,user200@email.com,2023-07-19,Birmingham,45,Standard
201,Customer_201,user201@email.com,2023-07-20,Birmingham,40,Standard
202,Customer_202,user202@email.com,2023-07-21,Edinburgh,31,Basic
203,Customer_203,user203@email.com,2023-07-22,Birmingham,41,Premium
204,Customer_204,user204@email.com,2023-07-23,London,19,Premium
205,Customer_205,user205@email.com,2023-07-24,Edinburgh,62,Standard
206,Customer_206,user206@email.com,2023-07-25,London,43,Premium
207,Customer_207,user207@email.com,2023-07-26,Edinburgh,31,Basic
208,Customer_208,user208@email.com,2023-07-27,Edinburgh,68,Standard
209,Customer_209,user209@email.com,2023-07-28,Manchester,24,Basic
210,Customer_210,user210@email.com,2023-07-29,London,20,Standard
211,Customer_211,user211@email.com,2023-07-30,Birmingham,64,Premium
212,Customer_212,user212@email.com,2023-07-31,Birmingham,40,Basic
213,Customer_213,user213@email.com,2023-08-01,London,63,Standard
214,Customer_214,user214@email.com,2023-08-02,Birmingham,60,Standard
215,Customer_215,user215@email.com,2023-08-03,Birmingham,64,Standard
216,Customer_216,user216@email.com,2023-08-04,London,62,Basic
217,Customer_217,user217@email.com,2023-08-05,Edinburgh,35,Standard
218,Customer_218,user218@email.com,2023-08-06,London,55,Basic
219,Customer_219,user219@email.com,2023-08-07,Edinburgh,52,Basic
220,Customer_220,user220@email.com,2023-08-08,Birmingham,68,Standard
221,Customer_221,user221@email.com,2023-08-09,Birmingham,32,Premium
222,Customer_222,user222@email.com,2023-08-10,Birmingham,42,Standard
223,Customer_223,user223@email.com,2023-08-11,Manchester,54,Premium
224,Customer_224,user224@email.com,2023-08-12,Edinburgh,45,Premium
225,Customer_225,user225@email.com,2023-08-13,Manchester,27,Standard
226,Customer_226,user226@email.com,2023-08-14,Manchester,56,Standard
227,Customer_227,user227@email.com,2023-08-15,London,34,Basic
228,Customer_228,user228@email.com,2023-08-16,Manchester,56,Basic
229,Customer_229,user229@email.com,2023-08-17,London,39,Basic
230,Customer_230,user230@email.com,2023-08-18,London,43,Standard
231,Customer_231,user231@email.com,2023-08-19,Manchester,61,Standard
232,Customer_232,user232@email.com,2023-08-20,Edinburgh,42,Standard
233,Customer_233,user233@email.com,2023-08-21,Edinburgh,34,Basic
234,Customer_234,user234@email.com,2023-08-22,Edinburgh,30,Premium
235,Customer_235,user235@email.com,2023-08-23,Edinburgh,37,Basic
236,Customer_236,user236@email.com,2023-08-24,Edinburgh,42,Standard
237,Customer_237,user237@email.com,2023-08-25,Manchester,21,Standard
238,Customer_238,user238@email.com,2023-08-26,Manchester,27,Basic
239,Customer_239,user239@email.com,2023-08-27,Birmingham,20,Standard
240,Customer_240,user240@email.com,2023-08-28,Edinburgh,58,Basic
241,Customer_241,user241@email.com,2023-08-29,Manchester,62,Basic
242,Customer_242,user242@email.com,2023-08-30,Birmingham,35,Standard
243,Customer_243,user243@email.com,2023-08-31,Edinburgh,64,Standard
244,Customer_244,user244@email.com,2023-09-01,London,53,Standard
245,Customer_245,user245@email.com,2023-09-02,Birmingham,64,Basic
246,Customer_246,user246@email.com,2023-09-03,Manchester,39,Standard
247,Customer_247,user247@email.com,2023-09-04,London,51,Standard
248,Customer_248,user248@email.com,2023-09-05,London,64,Standard
249,Customer_249,user249@email.com,2023-09-06,London,25,Basic
250,Customer_250,user250@email.com,2023-09-07,Birmingham,57,Premium
251,Customer_251,user251@email.com,2023-09-08,Manchester,66,Basic
252,Customer_252,user252@email.com,2023-09-09,London,61,Basic
253,Customer_253,user253@email.com,2023-09-10,Edinburgh,36,Premium
254,Customer_254,user254@email.com,2023-09-11,London,59,Standard
255,Customer_255,user255@email.com,2023-09-12,London,58,Basic
256,Customer_256,user256@email.com,2023-09-13,Birmingham,54,Premium
257,Customer_257,user257@email.com,2023-09-14,Birmingham,23,Basic
258,Customer_258,user258@email.com,2023-09-15,Manchester,69,Standard
259,Customer_259,user259@email.com,2023-09-16,Edinburgh,43,Standard
260,Customer_260,user260@email.com,2023-09-17,Birmingham,51,Basic
261,Customer_261,user261@email.com,2023-09-18,London,62,Standard
262,Customer_262,user262@email.com,2023-09-19,Manchester,23,Standard
263,Customer_263,user263@email.com,2023-09-20,London,54,Standard
264,Customer_264,user264@email.com,2023-09-21,London,50,Standard
265,Customer_265,user265@email.com,2023-09-22,Birmingham,39,Premium
266,Customer_266,user266@email.com,2023-09-23,Manchester,38,Standard
267,Customer_267,user267@email.com,2023-09-24,Edinburgh,23,Basic
268,Customer_268,user268@email.com,2023-09-25,Edinburgh,23,Standard
269,Customer_269,user269@email.com,2023-09-26,Birmingham,65,Standard
270,Customer_270,user270@email.com,2023-09-27,Birmingham,21,Standard
271,Customer_271,user271@email.com,2023-09-28,Manchester,47,Basic
272,Customer_272,user272@email.com,2023-09-29,Edinburgh,28,Premium
273,Customer_273,user273@email.com,2023-09-30,Edinburgh,47,Basic
274,Customer_274,user274@email.com,2023-10-01,Edinburgh,48,Standard
275,Customer_275,user275@email.com,2023-10-02,London,41,Standard
276,Customer_276,user276@email.com,2023-10-03,Edinburgh,26,Premium
277,Customer_277,user277@email.com,2023-10-04,London,20,Premium
278,Customer_278,user278@email.com,2023-10-05,Manchester,68,Standard
279,Customer_279,user279@email.com,2023-10-06,London,48,Standard
280,Customer_280,user280@email.com,2023-10-07,Manchester,57,Basic
281,Customer_281,user281@email.com,2023-10-08,Edinburgh,54,Standard
282,Customer_282,user282@email.com,2023-10-09,Edinburgh,53,Standard
283,Customer_283,user283@email.com,2023-10-10,Manchester,41,Standard
284,Customer_284,user284@email.com,2023-10-11,Birmingham,48,Basic
285,Customer_285,user285@email.com,2023-10-12,Manchester,23,Premium
286,Customer_286,user286@email.com,2023-10-13,Birmingham,19,Premium
287,Customer_287,user287@email.com,2023-10-14,London,37,Premium
288,Customer_288,user288@email.com,2023-10-15,London,45,Basic
289,Customer_289,user289@email.com,2023-10-16,London,28,Standard
290,Customer_290,user290@email.com,2023-10-17,Edinburgh,21,Standard
291,Customer_291,user291@email.com,2023-10-18,London,32,Basic
292,Customer_292,user292@email.com,2023-10-19,Birmingham,23,Basic
293,Customer_293,user293@email.com,2023-10-20,London,66,Standard
294,Customer_294,user294@email.com,2023-10-21,Manchester,47,Basic
295,Customer_295,user295@email.com,2023-10-22,Manchester,55,Standard
296,Customer_296,user296@email.com,2023-10-23,Edinburgh,68,Premium
297,Customer_297,user297@email.com,2023-10-24,Manchester,19,Standard
298,Customer_298,user298@email.com,2023-10-25,Birmingham,32,Premium
299,Customer_299,user299@email.com,2023-10-26,London,28,Standard
300,Customer_300,user300@email.com,2023-10-27,Edinburgh,25,Basic
301,Customer_301,user301@email.com,2023-10-28,London,43,Premium
302,Customer_302,user302@email.com,2023-10-29,London,68,Premium
303,Customer_303,user303@email.com,2023-10-30,Birmingham,62,Standard
304,Customer_304,user304@email.com,2023-10-31,Manchester,61,Basic
305,Customer_305,user305@email.com,2023-11-01,Manchester,22,Standard
306,Customer_306,user306@email.com,2023-11-02,London,23,Standard
307,Customer_307,user307@email.com,2023-11-03,Edinburgh,43,Premium
308,Customer_308,user308@email.com,2023-11-04,Manchester,21,Premium
309,Customer_309,user309@email.com,2023-11-05,Edinburgh,36,Basic
310,Customer_310,user310@email.com,2023-11-06,Manchester,37,Basic
311,Customer_311,user311@email.com,2023-11-07,Edinburgh,50,Premium
312,Customer_312,user312@email.com,2023-11-08,Birmingham,37,Basic
313,Customer_313,user313@email.com,2023-11-09,Edinburgh,66,Standard
314,Customer_314,user314@email.com,2023-11-10,Birmingham,29,Basic
315,Customer_315,user315@email.com,2023-11-11,Birmingham,64,Standard
316,Customer_316,user316@email.com,2023-11-12,Edinburgh,18,Standard
317,Customer_317,user317@email.com,2023-11-13,Birmingham,43,Standard
318,Customer_318,user318@email.com,2023-11-14,London,31,Standard
319,Customer_319,user319@email.com,2023-11-15,Birmingham,55,Premium
320,Customer_320,user320@email.com,2023-11-16,Manchester,54,Premium
321,Customer_321,user321@email.com,2023-11-17,Edinburgh,28,Standard
322,Customer_322,user322@email.com,2023-11-18,London,53,Basic
323,Customer_323,user323@email.com,2023-11-19,Edinburgh,30,Standard
324,Customer_324,user324@email.com,2023-11-20,Manchester,60,Standard
325,Customer_325,user325@email.com,2023-11-21,Manchester,20,Basic
326,Customer_326,user326@email.com,2023-11-22,Manchester,50,Premium
327,Customer_327,user327@email.com,2023-11-23,Birmingham,23,Standard
328,Customer_328,user328@email.com,2023-11-24,Birmingham,67,Standard
329,Customer_329,user329@email.com,2023-11-25,Edinburgh,27,Basic
330,Customer_330,user330@email.com,2023-11-26,Edinburgh,22,Premium
331,Customer_331,user331@email.com,2023-11-27,London,40,Standard
332,Customer_332,user332@email.com,2023-11-28,London,27,Basic
333,Customer_333,user333@email.com,2023-11-29,Edinburgh,61,Basic
334,Customer_334,user334@email.com,2023-11-30,Birmingham,19,Standard
335,Customer_335,user335@email.com,2023-12-01,Manchester,30,Standard
336,Customer_336,user336@email.com,2023-12-02,Edinburgh,57,Standard
337,Customer_337,user337@email.com,2023-12-03,London,19,Basic
338,Customer_338,user338@email.com,2023-12-04,Birmingham,37,Standard
339,Customer_339,user339@email.com,2023-12-05,Edinburgh,18,Premium
340,Customer_340,user340@email.com,2023-12-06,Edinburgh,54,Basic
341,Customer_341,user341@email.com,2023-12-07,Birmingham,26,Standard
342,Customer_342,user342@email.com,2023-12-08,Edinburgh,34,Standard
343,Customer_343,user343@email.com,2023-12-09,Birmingham,26,Standard
344,Customer_344,user344@email.com,2023-12-10,Manchester,28,Standard
345,Customer_345,user345@email.com,2023-12-11,Birmingham,32,Standard
346,Customer_346,user346@email.com,2023-12-12,Birmingham,41,Standard
347,Customer_347,user347@email.com,2023-12-13,Birmingham,55,Premium
348,Customer_348,user348@email.com,2023-12-14,Edinburgh,52,Standard
349,Customer_349,user349@email.com,2023-12-15,Edinburgh,47,Basic
350,Customer_350,user350@email.com,2023-12-16,Birmingham,48,Premium
351,Customer_351,user351@email.com,2023-12-17,Edinburgh,66,Basic
352,Customer_352,user352@email.com,2023-12-18,London,22,Standard
353,Customer_353,user353@email.com,2023-12-19,London,61,Basic
354,Customer_354,user354@email.com,2023-12-20,Edinburgh,67,Basic
355,Customer_355,user355@email.com,2023-12-21,Edinburgh,31,Standard
356,Customer_356,user356@email.com,2023-12-22,Birmingham,28,Basic
357,Customer_357,user357@email.com,2023-12-23,Manchester,26,Basic
358,Customer_358,user358@email.com,2023-12-24,Edinburgh,51,Standard
359,Customer_359,user359@email.com,2023-12-25,London,29,Standard
360,Customer_360,user360@email.com,2023-12-26,Birmingham,52,Standard
361,Customer_361,user361@email.com,2023-12-27,Edinburgh,52,Basic
362,Customer_362,user362@email.com,2023-12-28,London,18,Basic
363,Customer_363,user363@email.com,2023-12-29,London,57,Basic
364,Customer_364,user364@email.com,2023-12-30,Manchester,39,Standard
365,Customer_365,user365@email.com,2023-12-31,Birmingham,46,Basic
366,Customer_366,user366@email.com,2024-01-01,Birmingham,25,Premium
367,Customer_367,user367@email.com,2024-01-02,Manchester,28,Standard
368,Customer_368,user368@email.com,2024-01-03,Manchester,58,Premium
369,Customer_369,user369@email.com,2024-01-04,Birmingham,54,Standard
370,Customer_370,user370@email.com,2024-01-05,Birmingham,31,Standard
371,Customer_371,user371@email.com,2024-01-06,Edinburgh,47,Standard
372,Customer_372,user372@email.com,2024-01-07,Edinburgh,52,Standard
373,Customer_373,user373@email.com,2024-01-08,Manchester,38,Standard
374,Customer_374,user374@email.com,2024-01-09,Edinburgh,54,Standard
375,Customer_375,user375@email.com,2024-01-10,London,22,Standard
376,Customer_376,user376@email.com,2024-01-11,Edinburgh,36,Standard
377,Customer_377,user377@email.com,2024-01-12,Edinburgh,31,Standard
378,Customer_378,user378@email.com,2024-01-13,London,43,Premium
379,Customer_379,user379@email.com,2024-01-14,Manchester,21,Standard
380,Customer_380,user380@email.com,2024-01-15,London,42,Standard
381,Customer_381,user381@email.com,2024-01-16,Edinburgh,62,Standard
382,Customer_382,user382@email.com,2024-01-17,Manchester,59,Standard
383,Customer_383,user383@email.com,2024-01-18,Edinburgh,42,Standard
384,Customer_384,user384@email.com,2024-01-19,London,35,Basic
385,Customer_385,user385@email.com,2024-01-20,London,57,Standard
386,Customer_386,user386@email.com,2024-01-21,Edinburgh,25,Standard
387,Customer_387,user387@email.com,2024-01-22,Birmingham,56,Premium
388,Customer_388,user388@email.com,2024-01-23,Birmingham,57,Standard
389,Customer_389,user389@email.com,2024-01-24,London,31,Standard
390,Customer_390,user390@email.com,2024-01-25,London,49,Standard
391,Customer_391,user391@email.com,2024-01-26,Birmingham,68,Standard
392,Customer_392,user392@email.com,2024-01-27,Birmingham,55,Standard
393,Customer_393,user393@email.com,2024-01-28,Edinburgh,50,Standard
394,Customer_394,user394@email.com,2024-01-29,Edinburgh,40,Basic
395,Customer_395,user395@email.com,2024-01-30,Birmingham,32,Basic
396,Customer_396,user396@email.com,2024-01-31,Edinburgh,50,Basic
397,Customer_397,user397@email.com,2024-02-01,Edinburgh,42,Basic
398,Customer_398,user398@email.com,2024-02-02,Manchester,34,Premium
399,Customer_399,user399@email.com,2024-02-03,Edinburgh,50,Premium
400,Customer_400,user400@email.com,2024-02-04,London,64,Premium
401,Customer_401,user401@email.com,2024-02-05,Edinburgh,19,Standard
402,Customer_402,user402@email.com,2024-02-06,Edinburgh,31,Basic
403,Customer_403,user403@email.com,2024-02-07,Birmingham,57,Standard
404,Customer_404,user404@email.com,2024-02-08,London,57,Basic
405,Customer_405,user405@email.com,2024-02-09,Edinburgh,68,Premium
406,Customer_406,user406@email.com,2024-02-10,Edinburgh,56,Basic
407,Customer_407,user407@email.com,2024-02-11,Manchester,68,Standard
408,Customer_408,user408@email.com,2024-02-12,Edinburgh,23,Premium
409,Customer_409,user409@email.com,2024-02-13,Edinburgh,23,Standard
410,Customer_410,user410@email.com,2024-02-14,Manchester,20,Standard
411,Customer_411,user411@email.com,2024-02-15,Birmingham,24,Standard
412,Customer_412,user412@email.com,2024-02-16,Edinburgh,68,Standard
413,Customer_413,user413@email.com,2024-02-17,Manchester,25,Basic
414,Customer_414,user414@email.com,2024-02-18,London,59,Standard
415,Customer_415,user415@email.com,2024-02-19,Birmingham,69,Standard
416,Customer_416,user416@email.com,2024-02-20,London,32,Standard
417,Customer_417,user417@email.com,2024-02-21,London,64,Basic
418,Customer_418,user418@email.com,2024-02-22,Manchester,46,Standard
419,Customer_419,user419@email.com,2024-02-23,Edinburgh,50,Standard
420,Customer_420,user420@email.com,2024-02-24,Manchester,69,Premium
421,Customer_421,user421@email.com,2024-02-25,Manchester,47,Premium
422,Customer_422,user422@email.com,2024-02-26,Manchester,56,Standard
423,Customer_423,user423@email.com,2024-02-27,Manchester,44,Premium
424,Customer_424,user424@email.com,2024-02-28,Birmingham,53,Standard
425,Customer_425,user425@email.com,2024-02-29,Edinburgh,46,Basic
426,Customer_426,user426@email.com,2024-03-01,London,55,Premium
427,Customer_427,user427@email.com,2024-03-02,London,50,Standard
428,Customer_428,user428@email.com,2024-03-03,Edinburgh,54,Standard
429,Customer_429,user429@email.com,2024-03-04,London,44,Basic
430,Customer_430,user430@email.com,2024-03-05,Edinburgh,50,Standard
431,Customer_431,user431@email.com,2024-03-06,London,21,Basic
432,Customer_432,user432@email.com,2024-03-07,Manchester,39,Standard
433,Customer_433,user433@email.com,2024-03-08,London,19,Premium
434,Customer_434,user434@email.com,2024-03-09,Edinburgh,27,Standard
435,Customer_435,user435@email.com,2024-03-10,Edinburgh,22,Basic
436,Customer_436,user436@email.com,2024-03-11,Edinburgh,27,Standard
437,Customer_437,user437@email.com,2024-03-12,Edinburgh,50,Basic
438,Customer_438,user438@email.com,2024-03-13,Edinburgh,55,Basic
439,Customer_439,user439@email.com,2024-03-14,Birmingham,30,Standard
440,Customer_440,user440@email.com,2024-03-15,Birmingham,48,Standard
441,Customer_441,user441@email.com,2024-03-16,London,64,Standard
442,Customer_442,user442@email.com,2024-03-17,Edinburgh,53,Standard
443,Customer_443,user443@email.com,2024-03-18,London,62,Basic
444,Customer_444,user444@email.com,2024-03-19,Edinburgh,41,Basic
445,Customer_445,user445@email.com,2024-03-20,Edinburgh,69,Standard
446,Customer_446,user446@email.com,2024-03-21,Birmingham,32,Standard
447,Customer_447,user447@email.com,2024-03-22,Birmingham,46,Basic
448,Customer_448,user448@email.com,2024-03-23,Manchester,25,Standard
449,Customer_449,user449@email.com,2024-03-24,Birmingham,22,Basic
450,Customer_450,user450@email.com,2024-03-25,Manchester,46,Standard
451,Customer_451,user451@email.com,2024-03-26,Manchester,64,Standard
452,Customer_452,user452@email.com,2024-03-27,Manchester,21,Premium
453,Customer_453,user453@email.com,2024-03-28,Manchester,29,Standard
454,Customer_454,user454@email.com,2024-03-29,Manchester,62,Standard
455,Customer_455,user455@email.com,2024-03-30,London,19,Standard
456,Customer_456,user456@email.com,2024-03-31,Birmingham,44,Premium
457,Customer_457,user457@email.com,2024-04-01,Manchester,48,Basic
458,Customer_458,user458@email.com,2024-04-02,Edinburgh,68,Basic
459,Customer_459,user459@email.com,2024-04-03,Birmingham,68,Standard
460,Customer_460,user460@email.com,2024-04-04,Birmingham,53,Premium
461,Customer_461,user461@email.com,2024-04-05,Manchester,53,Premium
462,Customer_462,user462@email.com,2024-04-06,London,43,Standard
463,Customer_463,user463@email.com,2024-04-07,Manchester,60,Standard
464,Customer_464,user464@email.com,2024-04-08,London,44,Standard
465,Customer_465,user465@email.com,2024-04-09,Edinburgh,22,Standard
466,Customer_466,user466@email.com,2024-04-10,Birmingham,37,Standard
467,Customer_467,user467@email.com,2024-04-11,Edinburgh,28,Standard
468,Customer_468,user468@email.com,2024-04-12,London,27,Standard
469,Customer_469,user469@email.com,2024-04-13,London,57,Basic
470,Customer_470,user470@email.com,2024-04-14,Edinburgh,55,Premium
471,Customer_471,user471@email.com,2024-04-15,London,23,Standard
472,Customer_472,user472@email.com,2024-04-16,Edinburgh,25,Standard
473,Customer_473,user473@email.com,2024-04-17,Birmingham,40,Standard
474,Customer_474,user474@email.com,2024-04-18,Edinburgh,64,Basic
475,Customer_475,user475@email.com,2024-04-19,Birmingham,43,Standard
476,Customer_476,user476@email.com,2024-04-20,Edinburgh,63,Basic
477,Customer_477,user477@email.com,2024-04-21,London,60,Premium
478,Customer_478,user478@email.com,2024-04-22,Edinburgh,29,Premium
479,Customer_479,user479@email.com,2024-04-23,London,43,Basic
480,Customer_480,user480@email.com,2024-04-24,Edinburgh,30,Standard
481,Customer_481,user481@email.com,2024-04-25,Edinburgh,57,Standard
482,Customer_482,user482@email.com,2024-04-26,Manchester,35,Premium
483,Customer_483,user483@email.com,2024-04-27,London,42,Premium
484,Customer_484,user484@email.com,2024-04-28,Manchester,50,Basic
485,Customer_485,user485@email.com,2024-04-29,London,64,Premium
486,Customer_486,user486@email.com,2024-04-30,Manchester,57,Standard
487,Customer_487,user487@email.com,2024-05-01,Birmingham,60,Standard
488,Customer_488,user488@email.com,2024-05-02,Edinburgh,29,Standard
489,Customer_489,user489@email.com,2024-05-03,London,61,Premium
490,Customer_490,user490@email.com,2024-05-04,London,53,Standard
491,Customer_491,user491@email.com,2024-05-05,Edinburgh,65,Premium
492,Customer_492,user492@email.com,2024-05-06,London,21,Basic
493,Customer_493,user493@email.com,2024-05-07,London,22,Standard
494,Customer_494,user494@email.com,2024-05-08,Manchester,54,Standard
495,Customer_495,user495@email.com,2024-05-09,London,25,Basic
496,Customer_496,user496@email.com,2024-05-10,Birmingham,59,Standard
497,Customer_497,user497@email.com,2024-05-11,Birmingham,66,Standard
498,Customer_498,user498@email.com,2024-05-12,Edinburgh,45,Standard
499,Customer_499,user499@email.com,2024-05-13,London,48,Standard
500,Customer_500,user500@email.com,2024-05-14,Edinburgh,26,Standard
501,Customer_501,user501@email.com,2024-05-15,Birmingham,68,Basic
502,Customer_502,user502@email.com,2024-05-16,London,46,Standard
503,Customer_503,user503@email.com,2024-05-17,London,31,Standard
504,Customer_504,user504@email.com,2024-05-18,Edinburgh,57,Basic
505,Customer_505,user505@email.com,2024-05-19,Birmingham,58,Standard
506,Customer_506,user506@email.com,2024-05-20,London,39,Premium
507,Customer_507,user507@email.com,2024-05-21,Edinburgh,28,Standard
508,Customer_508,user508@email.com,2024-05-22,Birmingham,40,Basic
509,Customer_509,user509@email.com,2024-05-23,Edinburgh,18,Premium
510,Customer_510,user510@email.com,2024-05-24,Manchester,63,Standard
511,Customer_511,user511@email.com,2024-05-25,London,54,Standard
512,Customer_512,user512@email.com,2024-05-26,Manchester,38,Standard
513,Customer_513,user513@email.com,2024-05-27,Birmingham,43,Premium
514,Customer_514,user514@email.com,2024-05-28,Manchester,63,Standard
515,Customer_515,user515@email.com,2024-05-29,Manchester,53,Basic
516,Customer_516,user516@email.com,2024-05-30,Birmingham,40,Standard
517,Customer_517,user517@email.com,2024-05-31,Edinburgh,18,Standard
518,Customer_518,user518@email.com,2024-06-01,Manchester,68,Basic
519,Customer_519,user519@email.com,2024-06-02,Edinburgh,57,Basic
520,Customer_520,user520@email.com,2024-06-03,Manchester,32,Standard
521,Customer_521,user521@email.com,2024-06-04,Edinburgh,38,Standard
522,Customer_522,user522@email.com,2024-06-05,Birmingham,64,Premium
523,Customer_523,user523@email.com,2024-06-06,Manchester,26,Basic
524,Customer_524,user524@email.com,2024-06-07,Birmingham,26,Basic
525,Customer_525,user525@email.com,2024-06-08,Manchester,27,Standard
526,Customer_526,user526@email.com,2024-06-09,Birmingham,69,Basic
527,Customer_527,user527@email.com,2024-06-10,Birmingham,43,Standard
528,Customer_528,user528@email.com,2024-06-11,Manchester,58,Standard
529,Customer_529,user529@email.com,2024-06-12,Manchester,52,Premium
530,Customer_530,user530@email.com,2024-06-13,Manchester,69,Basic
531,Customer_531,user531@email.com,2024-06-14,London,42,Premium
532,Customer_532,user532@email.com,2024-06-15,Edinburgh,43,Basic
533,Customer_533,user533@email.com,2024-06-16,London,28,Basic
534,Customer_534,user534@email.com,2024-06-17,London,55,Basic
535,Customer_535,user535@email.com,2024-06-18,Birmingham,19,Premium
536,Customer_536,user536@email.com,2024-06-19,Manchester,24,Standard
537,Customer_537,user537@email.com,2024-06-20,Edinburgh,35,Standard
538,Customer_538,user538@email.com,2024-06-21,Birmingham,44,Standard
539,Customer_539,user539@email.com,2024-06-22,London,51,Premium
540,Customer_540,user540@email.com,2024-06-23,Manchester,44,Basic
541,Customer_541,user541@email.com,2024-06-24,Birmingham,34,Standard
542,Customer_542,user542@email.com,2024-06-25,Manchester,60,Standard
543,Customer_543,user543@email.com,2024-06-26,Birmingham,61,Standard
544,Customer_544,user544@email.com,2024-06-27,Manchester,68,Standard
545,Customer_545,user545@email.com,2024-06-28,London,41,Standard
546,Customer_546,user546@email.com,2024-06-29,Edinburgh,42,Standard
547,Customer_547,user547@email.com,2024-06-30,London,24,Basic
548,Customer_548,user548@email.com,2024-07-01,Edinburgh,69,Standard
549,Customer_549,user549@email.com,2024-07-02,Manchester,23,Basic
550,Customer_550,user550@email.com,2024-07-03,Birmingham,41,Basic
551,Customer_551,user551@email.com,2024-07-04,London,50,Standard
552,Customer_552,user552@email.com,2024-07-05,Edinburgh,66,Basic
553,Customer_553,user553@email.com,2024-07-06,London,46,Premium
554,Customer_554,user554@email.com,2024-07-07,Edinburgh,60,Basic
555,Customer_555,user555@email.com,2024-07-08,London,39,Standard
556,Customer_556,user556@email.com,2024-07-09,Edinburgh,43,Basic
557,Customer_557,user557@email.com,2024-07-10,Edinburgh,45,Basic
558,Customer_558,user558@email.com,2024-07-11,Manchester,67,Basic
559,Customer_559,user559@email.com,2024-07-12,Edinburgh,38,Basic
560,Customer_560,user560@email.com,2024-07-13,Manchester,66,Standard
561,Customer_561,user561@email.com,2024-07-14,Edinburgh,24,Premium
562,Customer_562,user562@email.com,2024-07-15,Birmingham,34,Standard
563,Customer_563,user563@email.com,2024-07-16,Birmingham,37,Premium
564,Customer_564,user564@email.com,2024-07-17,Birmingham,58,Standard
565,Customer_565,user565@email.com,2024-07-18,Edinburgh,66,Standard
566,Customer_566,user566@email.com,2024-07-19,Manchester,37,Basic
567,Customer_567,user567@email.com,2024-07-20,Manchester,39,Standard
568,Customer_568,user568@email.com,2024-07-21,Edinburgh,45,Basic
569,Customer_569,user569@email.com,2024-07-22,Birmingham,57,Premium
570,Customer_570,user570@email.com,2024-07-23,Birmingham,66,Basic
571,Customer_571,user571@email.com,2024-07-24,Manchester,24,Basic
572,Customer_572,user572@email.com,2024-07-25,Birmingham,18,Standard
573,Customer_573,user573@email.com,2024-07-26,London,49,Standard
574,Customer_574,user574@email.com,2024-07-27,Manchester,30,Basic
575,Customer_575,user575@email.com,2024-07-28,Birmingham,47,Premium
576,Customer_576,user576@email.com,2024-07-29,Manchester,40,Standard
577,Customer_577,user577@email.com,2024-07-30,London,68,Standard
578,Customer_578,user578@email.com,2024-07-31,Manchester,36,Premium
579,Customer_579,user579@email.com,2024-08-01,Manchester,49,Standard
580,Customer_580,user580@email.com,2024-08-02,Manchester,47,Premium
581,Customer_581,user581@email.com,2024-08-03,Manchester,46,Premium
582,Customer_582,user582@email.com,2024-08-04,London,66,Premium
583,Customer_583,user583@email.com,2024-08-05,Edinburgh,62,Basic
584,Customer_584,user584@email.com,2024-08-06,Manchester,46,Standard
585,Customer_585,user585@email.com,2024-08-07,Manchester,47,Basic
586,Customer_586,user586@email.com,2024-08-08,Birmingham,33,Standard
587,Customer_587,user587@email.com,2024-08-09,Manchester,57,Standard
588,Customer_588,user588@email.com,2024-08-10,Birmingham,36,Standard
589,Customer_589,user589@email.com,2024-08-11,Edinburgh,35,Standard
590,Customer_590,user590@email.com,2024-08-12,London,18,Premium
591,Customer_591,user591@email.com,2024-08-13,London,31,Standard
592,Customer_592,user592@email.com,2024-08-14,Edinburgh,68,Standard
593,Customer_593,user593@email.com,2024-08-15,London,64,Standard
594,Customer_594,user594@email.com,2024-08-16,Edinburgh,67,Standard
595,Customer_595,user595@email.com,2024-08-17,Edinburgh,19,Premium
596,Customer_596,user596@email.com,2024-08-18,Edinburgh,45,Premium
597,Customer_597,user597@email.com,2024-08-19,London,66,Basic
598,Customer_598,user598@email.com,2024-08-20,Birmingham,67,Standard
599,Customer_599,user599@email.com,2024-08-21,Edinburgh,47,Premium
600,Customer_600,user600@email.com,2024-08-22,Manchester,55,Basic
601,Customer_601,user601@email.com,2024-08-23,London,68,Premium
602,Customer_602,user602@email.com,2024-08-24,Edinburgh,21,Standard
603,Customer_603,user603@email.com,2024-08-25,Edinburgh,18,Basic
604,Customer_604,user604@email.com,2024-08-26,Manchester,25,Standard
605,Customer_605,user605@email.com,2024-08-27,Birmingham,46,Premium
606,Customer_606,user606@email.com,2024-08-28,Birmingham,56,Premium
607,Customer_607,user607@email.com,2024-08-29,Birmingham,20,Standard
608,Customer_608,user608@email.com,2024-08-30,Edinburgh,49,Premium
609,Customer_609,user609@email.com,2024-08-31,Edinburgh,27,Standard
610,Customer_610,user610@email.com,2024-09-01,Edinburgh,27,Premium
611,Customer_611,user611@email.com,2024-09-02,London,36,Standard
612,Customer_612,user612@email.com,2024-09-03,Manchester,63,Basic
613,Customer_613,user613@email.com,2024-09-04,Edinburgh,51,Basic
614,Customer_614,user614@email.com,2024-09-05,Manchester,50,Standard
615,Customer_615,user615@email.com,2024-09-06,Manchester,40,Standard
616,Customer_616,user616@email.com,2024-09-07,Birmingham,45,Standard
617,Customer_617,user617@email.com,2024-09-08,London,49,Standard
618,Customer_618,user618@email.com,2024-09-09,Edinburgh,67,Standard
619,Customer_619,user619@email.com,2024-09-10,Birmingham,24,Premium
620,Customer_620,user620@email.com,2024-09-11,Birmingham,46,Basic
621,Customer_621,user621@email.com,2024-09-12,Edinburgh,25,Standard
622,Customer_622,user622@email.com,2024-09-13,Manchester,18,Premium
623,Customer_623,user623@email.com,2024-09-14,Birmingham,20,Standard
624,Customer_624,user624@email.com,2024-09-15,Manchester,41,Standard
625,Customer_625,user625@email.com,2024-09-16,London,40,Basic
626,Customer_626,user626@email.com,2024-09-17,Manchester,25,Basic
627,Customer_627,user627@email.com,2024-09-18,London,64,Basic
628,Customer_628,user628@email.com,2024-09-19,Manchester,54,Premium
629,Customer_629,user629@email.com,2024-09-20,Birmingham,20,Standard
630,Customer_630,user630@email.com,2024-09-21,Birmingham,68,Standard
631,Customer_631,user631@email.com,2024-09-22,London,50,Premium
632,Customer_632,user632@email.com,2024-09-23,Edinburgh,45,Standard
633,Customer_633,user633@email.com,2024-09-24,London,64,Basic
634,Customer_634,user634@email.com,2024-09-25,London,25,Premium
635,Customer_635,user635@email.com,2024-09-26,Manchester,51,Standard
636,Customer_636,user636@email.com,2024-09-27,Manchester,52,Standard
637,Customer_637,user637@email.com,2024-09-28,London,49,Premium
638,Customer_638,user638@email.com,2024-09-29,Birmingham,41,Standard
639,Customer_639,user639@email.com,2024-09-30,Manchester,31,Basic
640,Customer_640,user640@email.com,2024-10-01,Edinburgh,49,Basic
641,Customer_641,user641@email.com,2024-10-02,Manchester,63,Basic
642,Customer_642,user642@email.com,2024-10-03,Manchester,60,Standard
643,Customer_643,user643@email.com,2024-10-04,Edinburgh,33,Premium
644,Customer_644,user644@email.com,2024-10-05,London,21,Standard
645,Customer_645,user645@email.com,2024-10-06,Edinburgh,69,Standard
646,Customer_646,user646@email.com,2024-10-07,London,54,Basic
647,Customer_647,user647@email.com,2024-10-08,London,38,Premium
648,Customer_648,user648@email.com,2024-10-09,London,31,Standard
649,Customer_649,user649@email.com,2024-10-10,Edinburgh,48,Premium
650,Customer_650,user650@email.com,2024-10-11,London,65,Standard
651,Customer_651,user651@email.com,2024-10-12,Birmingham,35,Basic
652,Customer_652,user652@email.com,2024-10-13,Edinburgh,24,Standard
653,Customer_653,user653@email.com,2024-10-14,Birmingham,27,Standard
654,Customer_654,user654@email.com,2024-10-15,London,24,Standard
655,Customer_655,user655@email.com,2024-10-16,Manchester,50,Standard
656,Customer_656,user656@email.com,2024-10-17,London,40,Basic
657,Customer_657,user657@email.com,2024-10-18,Birmingham,38,Basic
658,Customer_658,user658@email.com,2024-10-19,Birmingham,36,Basic
659,Customer_659,user659@email.com,2024-10-20,Edinburgh,65,Basic
660,Customer_660,user660@email.com,2024-10-21,Manchester,36,Standard
661,Customer_661,user661@email.com,2024-10-22,Edinburgh,53,Standard
662,Customer_662,user662@email.com,2024-10-23,Birmingham,46,Standard
663,Customer_663,user663@email.com,2024-10-24,London,35,Standard
664,Customer_664,user664@email.com,2024-10-25,Manchester,19,Basic
665,Customer_665,user665@email.com,2024-10-26,London,18,Premium
666,Customer_666,user666@email.com,2024-10-27,London,64,Basic
667,Customer_667,user667@email.com,2024-10-28,Manchester,22,Standard
668,Customer_668,user668@email.com,2024-10-29,Edinburgh,37,Standard
669,Customer_669,user669@email.com,2024-10-30,London,28,Standard
670,Customer_670,user670@email.com,2024-10-31,Birmingham,59,Basic
671,Customer_671,user671@email.com,2024-11-01,London,19,Standard
672,Customer_672,user672@email.com,2024-11-02,Manchester,20,Standard
673,Customer_673,user673@email.com,2024-11-03,Manchester,40,Premium
674,Customer_674,user674@email.com,2024-11-04,Manchester,29,Standard
675,Customer_675,user675@email.com,2024-11-05,Edinburgh,37,Premium
676,Customer_676,user676@email.com,2024-11-06,London,22,Basic
677,Customer_677,user677@email.com,2024-11-07,Edinburgh,54,Standard
678,Customer_678,user678@email.com,2024-11-08,Edinburgh,55,Standard
679,Customer_679,user679@email.com,2024-11-09,Manchester,47,Premium
680,Customer_680,user680@email.com,2024-11-10,Manchester,26,Premium
681,Customer_681,user681@email.com,2024-11-11,Edinburgh,51,Basic
682,Customer_682,user682@email.com,2024-11-12,London,61,Premium
683,Customer_683,user683@email.com,2024-11-13,Birmingham,52,Premium
684,Customer_684,user684@email.com,2024-11-14,Edinburgh,69,Premium
685,Customer_685,user685@email.com,2024-11-15,London,39,Basic
686,Customer_686,user686@email.com,2024-11-16,Manchester,61,Basic
687,Customer_687,user687@email.com,2024-11-17,Manchester,41,Standard
688,Customer_688,user688@email.com,2024-11-18,London,34,Standard
689,Customer_689,user689@email.com,2024-11-19,Birmingham,27,Standard
690,Customer_690,user690@email.com,2024-11-20,Manchester,47,Basic
691,Customer_691,user691@email.com,2024-11-21,Manchester,63,Standard
692,Customer_692,user692@email.com,2024-11-22,Manchester,40,Premium
693,Customer_693,user693@email.com,2024-11-23,London,49,Premium
694,Customer_694,user694@email.com,2024-11-24,Edinburgh,34,Premium
695,Customer_695,user695@email.com,2024-11-25,Manchester,67,Standard
696,Customer_696,user696@email.com,2024-11-26,Edinburgh,68,Basic
697,Customer_697,user697@email.com,2024-11-27,Birmingham,34,Standard
698,Customer_698,user698@email.com,2024-11-28,Manchester,31,Premium
699,Customer_699,user699@email.com,2024-11-29,Manchester,26,Premium
700,Customer_700,user700@email.com,2024-11-30,Birmingham,57,Basic
701,Customer_701,user701@email.com,2024-12-01,Manchester,19,Standard
702,Customer_702,user702@email.com,2024-12-02,Edinburgh,62,Basic
703,Customer_703,user703@email.com,2024-12-03,London,42,Standard
704,Customer_704,user704@email.com,2024-12-04,Edinburgh,56,Standard
705,Customer_705,user705@email.com,2024-12-05,London,26,Standard
706,Customer_706,user706@email.com,2024-12-06,London,39,Premium
707,Customer_707,user707@email.com,2024-12-07,Edinburgh,60,Standard
708,Customer_708,user708@email.com,2024-12-08,Edinburgh,63,Basic
709,Customer_709,user709@email.com,2024-12-09,Edinburgh,21,Standard
710,Customer_710,user710@email.com,2024-12-10,Edinburgh,43,Standard
711,Customer_711,user711@email.com,2024-12-11,Birmingham,46,Premium
712,Customer_712,user712@email.com,2024-12-12,Manchester,62,Basic
713,Customer_713,user713@email.com,2024-12-13,London,51,Basic
714,Customer_714,user714@email.com,2024-12-14,Edinburgh,40,Standard
715,Customer_715,user715@email.com,2024-12-15,Edinburgh,54,Basic
716,Customer_716,user716@email.com,2024-12-16,Edinburgh,28,Standard
717,Customer_717,user717@email.com,2024-12-17,Birmingham,23,Standard
718,Customer_718,user718@email.com,2024-12-18,Edinburgh,35,Basic
719,Customer_719,user719@email.com,2024-12-19,Edinburgh,38,Basic
720,Customer_720,user720@email.com,2024-12-20,Edinburgh,59,Standard
721,Customer_721,user721@email.com,2024-12-21,Manchester,53,Premium
722,Customer_722,user722@email.com,2024-12-22,Birmingham,58,Standard
723,Customer_723,user723@email.com,2024-12-23,Edinburgh,55,Basic
724,Customer_724,user724@email.com,2024-12-24,London,51,Standard
725,Customer_725,user725@email.com,2024-12-25,London,34,Standard
726,Customer_726,user726@email.com,2024-12-26,London,54,Standard
727,Customer_727,user727@email.com,2024-12-27,Birmingham,42,Standard
728,Customer_728,user728@email.com,2024-12-28,Birmingham,55,Standard
729,Customer_729,user729@email.com,2024-12-29,London,29,Basic
730,Customer_730,user730@email.com,2024-12-30,Edinburgh,40,Standard
731,Customer_731,user731@email.com,2024-12-31,Birmingham,59,Premium
732,Customer_732,user732@email.com,2025-01-01,London,39,Premium
733,Customer_733,user733@email.com,2025-01-02,London,38,Basic
734,Customer_734,user734@email.com,2025-01-03,Edinburgh,44,Standard
735,Customer_735,user735@email.com,2025-01-04,Manchester,48,Standard
736,Customer_736,user736@email.com,2025-01-05,Birmingham,23,Basic
737,Customer_737,user737@email.com,2025-01-06,Edinburgh,44,Basic
738,Customer_738,user738@email.com,2025-01-07,London,57,Basic
739,Customer_739,user739@email.com,2025-01-08,London,51,Basic
740,Customer_740,user740@email.com,2025-01-09,Edinburgh,29,Standard
741,Customer_741,user741@email.com,2025-01-10,Birmingham,62,Basic
742,Customer_742,user742@email.com,2025-01-11,Manchester,24,Standard
743,Customer_743,user743@email.com,2025-01-12,Manchester,27,Basic
744,Customer_744,user744@email.com,2025-01-13,London,62,Basic
745,Customer_745,user745@email.com,2025-01-14,Birmingham,34,Basic
746,Customer_746,user746@email.com,2025-01-15,Manchester,43,Standard
747,Customer_747,user747@email.com,2025-01-16,Birmingham,38,Premium
748,Customer_748,user748@email.com,2025-01-17,Birmingham,45,Standard
749,Customer_749,user749@email.com,2025-01-18,London,63,Basic
750,Customer_750,user750@email.com,2025-01-19,Manchester,19,Basic
751,Customer_751,user751@email.com,2025-01-20,Edinburgh,60,Premium
752,Customer_752,user752@email.com,2025-01-21,London,18,Premium
753,Customer_753,user753@email.com,2025-01-22,Manchester,68,Premium
754,Customer_754,user754@email.com,2025-01-23,Manchester,53,Basic
755,Customer_755,user755@email.com,2025-01-24,Manchester,68,Basic
756,Customer_756,user756@email.com,2025-01-25,Manchester,43,Standard
757,Customer_757,user757@email.com,2025-01-26,Manchester,46,Standard
758,Customer_758,user758@email.com,2025-01-27,Birmingham,38,Basic
759,Customer_759,user759@email.com,2025-01-28,London,28,Basic
760,Customer_760,user760@email.com,2025-01-29,Birmingham,57,Standard
761,Customer_761,user761@email.com,2025-01-30,Edinburgh,28,Standard
762,Customer_762,user762@email.com,2025-01-31,Manchester,53,Standard
763,Customer_763,user763@email.com,2025-02-01,London,66,Standard
764,Customer_764,user764@email.com,2025-02-02,Manchester,56,Standard
765,Customer_765,user765@email.com,2025-02-03,London,57,Standard
766,Customer_766,user766@email.com,2025-02-04,Birmingham,52,Basic
767,Customer_767,user767@email.com,2025-02-05,London,51,Standard
768,Customer_768,user768@email.com,2025-02-06,Edinburgh,64,Basic
769,Customer_769,user769@email.com,2025-02-07,Edinburgh,41,Premium
770,Customer_770,user770@email.com,2025-02-08,London,39,Standard
771,Customer_771,user771@email.com,2025-02-09,London,22,Premium
772,Customer_772,user772@email.com,2025-02-10,London,50,Standard
773,Customer_773,user773@email.com,2025-02-11,London,53,Basic
774,Customer_774,user774@email.com,2025-02-12,Edinburgh,64,Basic
775,Customer_775,user775@email.com,2025-02-13,Manchester,37,Premium
776,Customer_776,user776@email.com,2025-02-14,London,36,Standard
777,Customer_777,user777@email.com,2025-02-15,London,52,Basic
778,Customer_778,user778@email.com,2025-02-16,Edinburgh,69,Standard
779,Customer_779,user779@email.com,2025-02-17,Edinburgh,60,Standard
780,Customer_780,user780@email.com,2025-02-18,Birmingham,34,Basic
781,Customer_781,user781@email.com,2025-02-19,London,62,Standard
782,Customer_782,user782@email.com,2025-02-20,Birmingham,60,Premium
783,Customer_783,user783@email.com,2025-02-21,Edinburgh,51,Standard
784,Customer_784,user784@email.com,2025-02-22,Edinburgh,26,Basic
785,Customer_785,user785@email.com,2025-02-23,Manchester,43,Standard
786,Customer_786,user786@email.com,2025-02-24,London,19,Premium
787,Customer_787,user787@email.com,2025-02-25,Birmingham,26,Basic
788,Customer_788,user788@email.com,2025-02-26,Edinburgh,26,Premium
789,Customer_789,user789@email.com,2025-02-27,Edinburgh,57,Basic
790,Customer_790,user790@email.com,2025-02-28,Birmingham,34,Standard
791,Customer_791,user791@email.com,2025-03-01,Manchester,18,Basic
792,Customer_792,user792@email.com,2025-03-02,Edinburgh,42,Standard
793,Customer_793,user793@email.com,2025-03-03,London,60,Standard
794,Customer_794,user794@email.com,2025-03-04,Edinburgh,57,Premium
795,Customer_795,user795@email.com,2025-03-05,London,59,Standard
796,Customer_796,user796@email.com,2025-03-06,Birmingham,42,Basic
797,Customer_797,user797@email.com,2025-03-07,London,56,Basic
798,Customer_798,user798@email.com,2025-03-08,Birmingham,52,Standard
799,Customer_799,user799@email.com,2025-03-09,London,20,Standard
800,Customer_800,user800@email.com,2025-03-10,Birmingham,67,Basic
801,Customer_801,user801@email.com,2025-03-11,London,54,Basic
802,Customer_802,user802@email.com,2025-03-12,Manchester,61,Standard
803,Customer_803,user803@email.com,2025-03-13,London,61,Standard
804,Customer_804,user804@email.com,2025-03-14,London,68,Standard
805,Customer_805,user805@email.com,2025-03-15,Manchester,47,Standard
806,Customer_806,user806@email.com,2025-03-16,Edinburgh,55,Premium
807,Customer_807,user807@email.com,2025-03-17,Edinburgh,51,Standard
808,Customer_808,user808@email.com,2025-03-18,London,29,Standard
809,Customer_809,user809@email.com,2025-03-19,Manchester,36,Basic
810,Customer_810,user810@email.com,2025-03-20,London,54,Premium
811,Customer_811,user811@email.com,2025-03-21,Birmingham,61,Standard
812,Customer_812,user812@email.com,2025-03-22,Birmingham,66,Standard
813,Customer_813,user813@email.com,2025-03-23,London,34,Standard
814,Customer_814,user814@email.com,2025-03-24,Edinburgh,27,Premium
815,Customer_815,user815@email.com,2025-03-25,Edinburgh,66,Standard
816,Customer_816,user816@email.com,2025-03-26,London,64,Standard
817,Customer_817,user817@email.com,2025-03-27,London,29,Standard
818,Customer_818,user818@email.com,2025-03-28,Birmingham,33,Standard
819,Customer_819,user819@email.com,2025-03-29,Edinburgh,41,Standard
820,Customer_820,user820@email.com,2025-03-30,London,36,Basic
821,Customer_821,user821@email.com,2025-03-31,Birmingham,25,Standard
822,Customer_822,user822@email.com,2025-04-01,Edinburgh,48,Basic
823,Customer_823,user823@email.com,2025-04-02,Manchester,38,Standard
824,Customer_824,user824@email.com,2025-04-03,Birmingham,34,Premium
825,Customer_825,user825@email.com,2025-04-04,Edinburgh,40,Premium
826,Customer_826,user826@email.com,2025-04-05,Edinburgh,54,Standard
827,Customer_827,user827@email.com,2025-04-06,Birmingham,33,Basic
828,Customer_828,user828@email.com,2025-04-07,Manchester,23,Basic
829,Customer_829,user829@email.com,2025-04-08,Birmingham,25,Basic
830,Customer_830,user830@email.com,2025-04-09,Edinburgh,42,Standard
831,Customer_831,user831@email.com,2025-04-10,London,35,Standard
832,Customer_832,user832@email.com,2025-04-11,London,42,Premium
833,Customer_833,user833@email.com,2025-04-12,Birmingham,29,Standard
834,Customer_834,user834@email.com,2025-04-13,Edinburgh,32,Standard
835,Customer_835,user835@email.com,2025-04-14,London,43,Premium
836,Customer_836,user836@email.com,2025-04-15,Edinburgh,58,Standard
837,Customer_837,user837@email.com,2025-04-16,Birmingham,62,Standard
838,Customer_838,user838@email.com,2025-04-17,London,43,Basic
839,Customer_839,user839@email.com,2025-04-18,Edinburgh,64,Basic
840,Customer_840,user840@email.com,2025-04-19,London,49,Basic
841,Customer_841,user841@email.com,2025-04-20,Birmingham,27,Standard
842,Customer_842,user842@email.com,2025-04-21,Edinburgh,33,Standard
843,Customer_843,user843@email.com,2025-04-22,London,24,Standard
844,Customer_844,user844@email.com,2025-04-23,Birmingham,34,Basic
845,Customer_845,user845@email.com,2025-04-24,London,40,Premium
846,Customer_846,user846@email.com,2025-04-25,London,43,Standard
847,Customer_847,user847@email.com,2025-04-26,Manchester,38,Basic
848,Customer_848,user848@email.com,2025-04-27,Manchester,39,Standard
849,Customer_849,user849@email.com,2025-04-28,Birmingham,24,Standard
850,Customer_850,user850@email.com,2025-04-29,Manchester,31,Standard
851,Customer_851,user851@email.com,2025-04-30,Birmingham,32,Premium
852,Customer_852,user852@email.com,2025-05-01,Manchester,24,Standard
853,Customer_853,user853@email.com,2025-05-02,London,26,Standard
854,Customer_854,user854@email.com,2025-05-03,Birmingham,68,Premium
855,Customer_855,user855@email.com,2025-05-04,Birmingham,65,Premium
856,Customer_856,user856@email.com,2025-05-05,London,25,Basic
857,Customer_857,user857@email.com,2025-05-06,Birmingham,67,Standard
858,Customer_858,user858@email.com,2025-05-07,Birmingham,40,Standard
859,Customer_859,user859@email.com,2025-05-08,Manchester,46,Standard
860,Customer_860,user860@email.com,2025-05-09,Birmingham,35,Basic
861,Customer_861,user861@email.com,2025-05-10,Edinburgh,48,Standard
862,Customer_862,user862@email.com,2025-05-11,London,47,Standard
863,Customer_863,user863@email.com,2025-05-12,Manchester,69,Basic
864,Customer_864,user864@email.com,2025-05-13,Manchester,56,Basic
865,Customer_865,user865@email.com,2025-05-14,Edinburgh,52,Premium
866,Customer_866,user866@email.com,2025-05-15,London,35,Basic
867,Customer_867,user867@email.com,2025-05-16,London,59,Standard
868,Customer_868,user868@email.com,2025-05-17,Manchester,56,Standard
869,Customer_869,user869@email.com,2025-05-18,Birmingham,34,Premium
870,Customer_870,user870@email.com,2025-05-19,Manchester,31,Premium
871,Customer_871,user871@email.com,2025-05-20,London,48,Basic
872,Customer_872,user872@email.com,2025-05-21,Edinburgh,41,Standard
873,Customer_873,user873@email.com,2025-05-22,Manchester,52,Standard
874,Customer_874,user874@email.com,2025-05-23,London,61,Basic
875,Customer_875,user875@email.com,2025-05-24,Manchester,62,Basic
876,Customer_876,user876@email.com,2025-05-25,Birmingham,51,Premium
877,Customer_877,user877@email.com,2025-05-26,Manchester,20,Standard
878,Customer_878,user878@email.com,2025-05-27,Manchester,54,Premium
879,Customer_879,user879@email.com,2025-05-28,London,60,Basic
880,Customer_880,user880@email.com,2025-05-29,London,57,Standard
881,Customer_881,user881@email.com,2025-05-30,London,43,Basic
882,Customer_882,user882@email.com,2025-05-31,Manchester,40,Premium
883,Customer_883,user883@email.com,2025-06-01,Birmingham,61,Premium
884,Customer_884,user884@email.com,2025-06-02,Edinburgh,56,Standard
885,Customer_885,user885@email.com,2025-06-03,Edinburgh,32,Standard
886,Customer_886,user886@email.com,2025-06-04,London,66,Standard
887,Customer_887,user887@email.com,2025-06-05,London,21,Basic
888,Customer_888,user888@email.com,2025-06-06,Manchester,46,Standard
889,Customer_889,user889@email.com,2025-06-07,Edinburgh,39,Standard
890,Customer_890,user890@email.com,2025-06-08,London,42,Basic
891,Customer_891,user891@email.com,2025-06-09,Birmingham,30,Standard
892,Customer_892,user892@email.com,2025-06-10,Birmingham,35,Basic
893,Customer_893,user893@email.com,2025-06-11,London,50,Premium
894,Customer_894,user894@email.com,2025-06-12,London,33,Standard
895,Customer_895,user895@email.com,2025-06-13,Edinburgh,62,Premium
896,Customer_896,user896@email.com,2025-06-14,Edinburgh,59,Premium
897,Customer_897,user897@email.com,2025-06-15,Manchester,61,Basic
898,Customer_898,user898@email.com,2025-06-16,Edinburgh,19,Premium
899,Customer_899,user899@email.com,2025-06-17,Birmingham,52,Standard
900,Customer_900,user900@email.com,2025-06-18,Birmingham,59,Standard
901,Customer_901,user901@email.com,2025-06-19,London,51,Standard
902,Customer_902,user902@email.com,2025-06-20,Edinburgh,47,Basic
903,Customer_903,user903@email.com,2025-06-21,Manchester,30,Premium
904,Customer_904,user904@email.com,2025-06-22,Birmingham,30,Standard
905,Customer_905,user905@email.com,2025-06-23,Birmingham,35,Basic
906,Customer_906,user906@email.com,2025-06-24,Manchester,49,Standard
907,Customer_907,user907@email.com,2025-06-25,Manchester,49,Basic
908,Customer_908,user908@email.com,2025-06-26,Birmingham,52,Premium
909,Customer_909,user909@email.com,2025-06-27,Birmingham,56,Standard
910,Customer_910,user910@email.com,2025-06-28,Manchester,63,Standard
911,Customer_911,user911@email.com,2025-06-29,Birmingham,69,Basic
912,Customer_912,user912@email.com,2025-06-30,London,46,Basic
913,Customer_913,user913@email.com,2025-07-01,London,66,Standard
914,Customer_914,user914@email.com,2025-07-02,Manchester,46,Standard
915,Customer_915,user915@email.com,2025-07-03,Edinburgh,61,Premium
916,Customer_916,user916@email.com,2025-07-04,Manchester,33,Standard
917,Customer_917,user917@email.com,2025-07-05,Manchester,61,Standard
918,Customer_918,user918@email.com,2025-07-06,Edinburgh,64,Basic
919,Customer_919,user919@email.com,2025-07-07,Edinburgh,27,Standard
920,Customer_920,user920@email.com,2025-07-08,Edinburgh,47,Standard
921,Customer_921,user921@email.com,2025-07-09,London,42,Premium
922,Customer_922,user922@email.com,2025-07-10,Birmingham,56,Premium
923,Customer_923,user923@email.com,2025-07-11,London,37,Standard
924,Customer_924,user924@email.com,2025-07-12,Birmingham,22,Standard
925,Customer_925,user925@email.com,2025-07-13,London,18,Basic
926,Customer_926,user926@email.com,2025-07-14,Birmingham,47,Standard
927,Customer_927,user927@email.com,2025-07-15,London,66,Standard
928,Customer_928,user928@email.com,2025-07-16,Edinburgh,20,Premium
929,Customer_929,user929@email.com,2025-07-17,Manchester,62,Basic
930,Customer_930,user930@email.com,2025-07-18,London,31,Basic
931,Customer_931,user931@email.com,2025-07-19,Birmingham,47,Premium
932,Customer_932,user932@email.com,2025-07-20,Edinburgh,67,Basic
933,Customer_933,user933@email.com,2025-07-21,London,21,Standard
934,Customer_934,user934@email.com,2025-07-22,London,35,Premium
935,Customer_935,user935@email.com,2025-07-23,Edinburgh,54,Standard
936,Customer_936,user936@email.com,2025-07-24,London,42,Standard
937,Customer_937,user937@email.com,2025-07-25,Manchester,65,Premium
938,Customer_938,user938@email.com,2025-07-26,London,18,Basic
939,Customer_939,user939@email.com,2025-07-27,Manchester,63,Basic
940,Customer_940,user940@email.com,2025-07-28,Manchester,32,Standard
941,Customer_941,user941@email.com,2025-07-29,Edinburgh,26,Standard
942,Customer_942,user942@email.com,2025-07-30,London,32,Standard
943,Customer_943,user943@email.com,2025-07-31,Edinburgh,66,Standard
944,Customer_944,user944@email.com,2025-08-01,London,41,Standard
945,Customer_945,user945@email.com,2025-08-02,London,21,Premium
946,Customer_946,user946@email.com,2025-08-03,Birmingham,29,Standard
947,Customer_947,user947@email.com,2025-08-04,London,54,Basic
948,Customer_948,user948@email.com,2025-08-05,Edinburgh,54,Standard
949,Customer_949,user949@email.com,2025-08-06,Manchester,60,Premium
950,Customer_950,user950@email.com,2025-08-07,London,23,Basic
951,Customer_951,user951@email.com,2025-08-08,Birmingham,56,Standard
952,Customer_952,user952@email.com,2025-08-09,Edinburgh,63,Standard
953,Customer_953,user953@email.com,2025-08-10,London,41,Premium
954,Customer_954,user954@email.com,2025-08-11,Edinburgh,28,Standard
955,Customer_955,user955@email.com,2025-08-12,Birmingham,30,Basic
956,Customer_956,user956@email.com,2025-08-13,Birmingham,51,Standard
957,Customer_957,user957@email.com,2025-08-14,Edinburgh,42,Standard
958,Customer_958,user958@email.com,2025-08-15,London,24,Basic
959,Customer_959,user959@email.com,2025-08-16,Manchester,69,Basic
960,Customer_960,user960@email.com,2025-08-17,Birmingham,21,Basic
961,Customer_961,user961@email.com,2025-08-18,London,25,Standard
962,Customer_962,user962@email.com,2025-08-19,London,37,Standard
963,Customer_963,user963@email.com,2025-08-20,Manchester,46,Basic
964,Customer_964,user964@email.com,2025-08-21,Birmingham,68,Basic
965,Customer_965,user965@email.com,2025-08-22,Birmingham,62,Premium
966,Customer_966,user966@email.com,2025-08-23,London,63,Premium
967,Customer_967,user967@email.com,2025-08-24,London,27,Standard
968,Customer_968,user968@email.com,2025-08-25,Manchester,60,Basic
969,Customer_969,user969@email.com,2025-08-26,Manchester,51,Standard
970,Customer_970,user970@email.com,2025-08-27,Birmingham,43,Standard
971,Customer_971,user971@email.com,2025-08-28,Edinburgh,58,Premium
972,Customer_972,user972@email.com,2025-08-29,Birmingham,66,Standard
973,Customer_973,user973@email.com,2025-08-30,London,20,Basic
974,Customer_974,user974@email.com,2025-08-31,Birmingham,23,Standard
975,Customer_975,user975@email.com,2025-09-01,Edinburgh,22,Basic
976,Customer_976,user976@email.com,2025-09-02,Manchester,22,Basic
977,Customer_977,user977@email.com,2025-09-03,Edinburgh,64,Standard
978,Customer_978,user978@email.com,2025-09-04,Edinburgh,40,Standard
979,Customer_979,user979@email.com,2025-09-05,Edinburgh,66,Standard
980,Customer_980,user980@email.com,2025-09-06,Manchester,26,Basic
981,Customer_981,user981@email.com,2025-09-07,Edinburgh,52,Standard
982,Customer_982,user982@email.com,2025-09-08,Edinburgh,37,Standard
983,Customer_983,user983@email.com,2025-09-09,Edinburgh,66,Basic
984,Customer_984,user984@email.com,2025-09-10,London,59,Standard
985,Customer_985,user985@email.com,2025-09-11,Edinburgh,52,Basic
986,Customer_986,user986@email.com,2025-09-12,Manchester,67,Standard
987,Customer_987,user987@email.com,2025-09-13,Edinburgh,35,Premium
988,Customer_988,user988@email.com,2025-09-14,Edinburgh,34,Standard
989,Customer_989,user989@email.com,2025-09-15,Manchester,41,Basic
990,Customer_990,user990@email.com,2025-09-16,Edinburgh,20,Standard
991,Customer_991,user991@email.com,2025-09-17,Manchester,49,Basic
992,Customer_992,user992@email.com,2025-09-18,Edinburgh,52,Basic
993,Customer_993,user993@email.com,2025-09-19,Manchester,55,Standard
994,Customer_994,user994@email.com,2025-09-20,Edinburgh,30,Basic
995,Customer_995,user995@email.com,2025-09-21,Edinburgh,64,Premium
996,Customer_996,user996@email.com,2025-09-22,London,42,Standard
997,Customer_997,user997@email.com,2025-09-23,London,26,Premium
998,Customer_998,user998@email.com,2025-09-24,Edinburgh,21,Basic
999,Customer_999,user999@email.com,2025-09-25,Edinburgh,31,Standard
1000,Customer_1000,user1000@email.com,2025-09-26,Birmingham,54,Premium
